,time,label,x1,x2,x3,x4,x5,x6,x7,x8,x9,x10
1,4,0,0.8261210302304230,-1.2423379148851000,1.7955335997518,-0.1247886420656,-1.5877451388305900,0.12562440005911500,0.617777993149437,-2.12564111216603,0.093467503042056,0.5339096112906370
2,3,1,1.1305320847649000,0.721419292278785,-1.30242486652763,0.563696563538486,-1.22725383458493,0.667903894953214,0.27877971713325900,-0.252433624195825,1.3907096307595,-0.9703882937593260
3,237,0,-0.507924825555832,-0.533476718890984,0.174326069361199,0.028907351945021,-1.5266417936766900,0.295467260147746,-0.31424613878921000,1.3695741200251100,-0.7619433877472950,0.265934151245084
4,84,0,-0.035817845644177000,2.08289484870943,-0.34795751208244,1.93035783400342,0.496813787717984,-0.37181667647519,0.80309570971212,0.268517426478614,-0.913921653055215,-1.36915456677435
5,1,0,-1.14081171785943,0.8822325933250100,-0.49502475412356500,0.166717499434793,0.9112838950914260,-0.990068865667743,0.105680136175131,-0.713517704186265,2.8681035323185900,-0.10087065059881100
6,23,0,-0.791669575216325,-0.34315691232918900,2.3251796613128200,-1.1610232308060800,0.373269218587356,1.23281367613537,-1.09399179192686,-1.09669003111102,0.357404762614427,0.24672307632903900
7,7,1,1.57265273090709,-0.639427961972368,2.0877650646000900,-0.740239212148358,1.25947815698616,0.251061766308309,1.93035328834897,-2.3091157882630700,2.5460442013169,-1.27055538603672
8,160,0,1.51012963714416,1.0742522600329500,-0.217735673561029,-0.000847956005459,1.11632192032433,-1.59033561502978,-0.022478833356902000,-0.4770870753633760,0.6875129735875950,-0.651842238102215